1,Tokyo,37732000
2,Jakarta,33756000
3,Delhi,32226000
4,Guangzhou,26940000
5,Mumbai,24973000
6,Manila,24922000
7,Shanghai,24073000
8,Sao Paulo,23086000
9,Seoul,23016000
10,Mexico City,21804000
11,Cairo,20296000
12,New York,18972871
13,Dhaka,18627000
14,Beijing,18522000
15,Kolkata,18502000
16,Bangkok,18007000
17,Shenzhen,17619000
18,Moscow,17332000
19,Buenos Aires,16710000
20,Lagos,16637000
21,Istanbul,16079000
22,Karachi,15738000
23,Bangalore,15386000
24,Ho Chi Minh City,15136000
25,Osaka,15126000
26,Chengdu,14645000
27,Tehran,14148000
28,Kinshasa,12836000
29,Rio de Janeiro,12592000
30,Chennai,12395000
31,Xi'an,12328000
32,Lahore,12306000
33,Chongqing,12135000
34,Los Angeles,12121244
35,Baoding,11860000
36,London,11262000
37,Paris,11060000
38,Linyi,11018365
39,Dongguan,10646000
40,Hyderabad,10494000
41,Tianjin,10368000
42,Lima,10320000
43,Wuhan,10251000
44,Nanyang,10013600
45,Hangzhou,9523000
46,Foshan,9498863
47,Nagoya,9197000
48,Taipei,9078000
49,Tongshan,9083790
50,Luanda,9051000
51,Zhoukou,9026015
52,Ganzhou,8970014
53,Kuala Lumpur,8911000
54,Heze,8795939
55,Quanzhou,8782285
56,Chicago,8595181
57,Nanjing,8422000
58,Jining,8357897
59,Hanoi,8246600
60,Pune,8231000
61,Fuyang,8200264
62,Ahmedabad,8009000
63,Johannesburg,8000000
64,Bogota,7968095
65,Dar es Salaam,7962000
66,Shenyang,7964000
67,Khartoum,7869000
68,Shangqiu,7816831
69,Cangzhou,7544300
70,Hong Kong,7450000
71,Shaoyang,7370500
72,Zhanjiang,7332000
73,Yancheng,7260240
74,Hengyang,7243400
75,Riyadh,7237000
76,Zhumadian,7231234
77,Santiago,7171000
78,Xingtai,7111106
79,Chattogram,7000000
80,Bijie,6899636
81,Shangrao,6810700
82,Zunyi,6606675
83,Surat,6538000
84,Surabaya,6499000
85,Huanggang,6333000
86,Maoming,6313200
87,Nanchong,6278614
88,Xinyang,6234401
89,Madrid,6211000
90,Baghdad,6183000
91,Qujing,6155400
92,Jieyang,6089400
93,Singapore,5983000
94,Prayagraj,5954391
95,Liaocheng,5952128
96,Dalian,5871474
97,Yulin,5849700
98,Changde,5827200
99,Qingdao,5818255
100,Douala,5768400
101,Miami,5711945
102,Nangandao,5708191
103,Pudong,5681512
104,Xiangyang,5680000
105,Dallas,5668165
106,Houston,5650910
107,Zhengzhou,5621593
108,Lu'an,5611701
109,Dezhou,5611194
110,Jinan,5606374
111,Giza,5598402
112,Zhaotong,5591000
113,Yichun,5573200
114,Nairobi,5545000
115,Guadalajara,5525000
116,Philadelphia,5512873
117,Ankara,5503985
118,Tai'an,5494207
119,Dazhou,5468097
120,Langfang,5464087
121,Yongzhou,5452100
122,Toronto,5429524
123,Suihua,5418153
124,Saint Petersburg,5384342
125,Qiqihar,5367003
126,Suzhou,5352924
127,Monterrey,5341171
128,Belo Horizonte,5328000
129,Weinan,5286077
130,Rangoon,5209541
131,Zhangzhou,5140000
132,Yuncheng,5134779
133,Xianyang,5096001
134,Guilin,5085500
135,Atlanta,5046555
136,Taizhou,5031000
137,Kashan,5000000
138,Bozhou,4996844
139,Abidjan,4980000
140,Suqian,4986192
141,Huaihua,4979600
142,Ji'an,4956600
143,Xiaoganzhan,4921000
144,Pingdingshan,4904701
145,Jiujiang,4896800
146,Alexandria,4870000
147,Mianyang,4868243
148,Sydney,4840600
149,Huanglongsi,4824016
150,Washington,4810669
151,Barcelona,4800000
152,Changsha,4766296
153,Chenzhou,4744500
154,Anqing,4723000
155,Jiangmen,4630300
156,Xinpu,4599360
157,Yibin,4588804
158,Yangzhou,4559797
159,Melbourne,4529500
160,Berlin,4473101
161,Hengshui,4472000
162,Timbio,4444444
163,Kunming,4422686
164,Yiyang,4413800
165,Guigang,4409200
166,Changchun,4408154
167,Jiangguanchi,4379998
168,Casablanca,4370000
169,Meizhou,4378800
170,Zhangjiakou,4345485
171,Chifeng,4341245
172,Urumqi,4335017
173,Suzhou,4330000
174,Izmir,4320519
175,Linfen,4316610
176,Shantou,4312192
177,Kabul,4273156
178,Mogadishu,4249083
179,Luzhou,4218427
180,Hefei,4216940
181,Boston,4208580
182,Liuzhou,4157934
183,Zhaoqing,4151700
184,Xiaoxita,4137900
185,Shijiazhuang,4098243
186,Ningbo,4087523
187,Fuzhou,4047200
188,Phoenix,4047095
189,Zhuzhou,4020800
190,Amman,4007526
191,Chuzhou,3987054
192,Jeddah,3976000
193,Qingyuan,3969473
194,Loudi,3931800
195,Binzhou,3928568
196,Deyang,3877000
197,Taiyuan,3875053
198,Kano,3848885
199,Wuhu,3842100
200,Nanning,3837978
201,Harbin,3830000
202,Abuja,3770000
203,Yokohama,3757630
204,Baojishi,3738700
205,Zaozhuang,3729140
206,Xiamen,3707090
207,Neijiang,3702847
208,Fuzhou,3671192
209,Baicheng,3669400
210,Anshan,3645884
211,Medan,3632000
212,Yulinshi,3634750
213,Wenzhou,3604446
214,Changzhou,3601079
215,Puyang,3598740
216,Jiaozuo,3590700
217,Nanchang,3576547
218,Ibadan,3552000
219,Hechi,3545700
220,Detroit,3522856
221,Montreal,3519595
222,Busan,3453198
223,Hohhot,3446100
224,Seattle,3438221
225,Algiers,3415811
226,Hanzhong,3416196
227,Tangshan,3399231
228,Shiyan,3398000
229,Lucknow,3382000
230,Siping,3385156
231,Mashhad,3372090
232,Boankra,3348000
233,Changzhi,3334565
234,Dubai,3331420
235,Qinzhou,3304400
236,Guiyang,3299724
237,Bengbu,3296408
238,San Francisco,3290197
239,Bazhou,3283148
240,Qincheng,3262549
241,Suining,3252619
242,Wuxi,3245179
243,Leshan,3235759
244,Putian,3210714
245,Zhenjiang,3210418
246,Faisalabad,3203846
247,Guang'an,3205476
248,Tongren,3168800
249,Santa Cruz,3151676
250,Qinhuangdao,3146300
251,Tongliao,3139153
252,Jinzhou,3126463
253,Heyuan,3093900
254,San Diego,3084174
255,Jaipur,3073350
256,Xinzhou,3067501
257,Lanzhou,3067141
258,Wuzhou,3061100
259,Athens,3041131
260,Addis Ababa,3041002
261,Chaoyang,3044641
262,Brasilia,3039444
263,Taichung,3033885
264,Kuwait City,3000000
265,Budapest,2997958
266,Shaoguan,2997600
267,Shanwei,2993600
268,Quezon City,2960048
269,Rizhao,2968365
270,Kyiv,2963199
271,Sanaa,2957000
272,Meishan,2950545
273,Incheon,2936117
274,Guatemala City,2934841
275,Birmingham,2919600
276,Zhongshan,2909633
277,Ningde,2910000
278,Weihai,2906548
279,Daqing,2904532
280,Bursa,2901396
281,Salvador,2886698
282,Rome,2872800
283,Haikou,2873358
284,La Paz,2867504
285,Xiangtan,2864800
286,Pyongyang,2863000
287,Minneapolis,2856952
288,Omdurman,2805396
289,Malang,2795209
290,Mudanjiang,2798723
291,Stuttgart,2787724
292,Brooklyn,2736074
293,Kaohsiung,2733566
294,Guayaquil,2723665
295,Lisbon,2719000
296,Longyan,2723637
297,Tieling,2717732
298,Manchester,2705000
299,Baotou,2709378
300,Handan,2708015
301,Cawnpore,2701324
302,Dingxi,2698624
303,Nanping,2690000
304,Tampa,2683956
305,Zigong,2678899
306,Maracaibo,2658355
307,Chaozhou,2656600
308,Mbuji-Mayi,2643000
309,Denver,2650725
310,Gulou,2606000
311,Weifang,2636154
312,Huai'an,2632788
313,Zibo,2631647
314,Ankang,2629906
315,Baoshan,2627000
316,Antananarivo,2610000
317,Huludao,2623541
318,Munich,2606021
319,Yanjiang,2593843
320,Santo Domingo,2581827
321,Sanming,2580000
322,Tashkent,2571668
323,Longba,2567718
324,Yangjiang,2555600
325,Jiamusi,2552097
326,Luohe,2544266
327,Lincang,2536000
328,Medellin,2529403
329,Xuanzhou,2532938
330,Yunfu,2526900
331,Shaoxing,2521964
332,Yantai,2511053
333,Huizhou,2509243
334,Lishui,2507396
335,Mirzapur,2496970
336,Hamburg,2484800
337,Guangyuan,2484122
338,Cali,2471474
339,Lusaka,2467563
340,Huangshi,2471700
341,Xining,2467965
342,Ouagadougou,2453496
343,Daegu,2461002
344,Fortaleza,2452185
345,Yaounde,2440462
346,Jilin,2396000
347,Dandong,2444697
348,Zhuhai,2439585
349,Lianshan,2426000
350,Yingkou,2428534
351,Antalya,2426356
352,Nagpur,2405665
353,Queens,2405464
354,Accra,2388000
355,Bekasi,2381053
356,Ghaziabad,2375820
357,Yuxi,2386000
358,Luoyang,2372571
359,Brisbane,2360241
360,Anshun,2353100
361,Depok,2330333
362,Shangzhou,2341742
363,Huainan,2333896
364,Colombo,2323826
365,Kuaidamao,2324439
366,Baku,2300500
367,Fukuoka,2286000
368,Yan'an,2282581
369,Jincheng,2279146
370,Vancouver,2264823
371,Nantong,2261382
372,Tangerang,2237006
373,Caracas,2245744
374,Sanmenxia,2234018
375,Laibin,2233900
376,Konya,2232374
377,Manaus,2219580
378,Esfahan,2219343
379,Qinbaling,2211191
380,Baltimore,2205092
381,Ma'anshan,2202899
382,Shengli,2193518
383,Gaoping,2174000
384,Taizhou,2162461
385,Harare,2150000
386,Kowloon,2108419
387,Las Vegas,2150373
388,Havana,2141652
389,Perth,2141834
390,Phnom Penh,2129371
391,Puning,2118200
392,Huaibei,2114276
393,Qingyang,2111000
394,Haiphong,2103500
395,Chongzuo,2099400
396,Rawalpindi,2098231
397,Yushan,2092496
398,St. Louis,2092481
399,Kumasi,2069350
400,Vadodara,2065771
401,Hezhou,2072600
402,Pingliang,2068033
403,Portland,2036875
404,Vishakhapatnam,2035922
405,Gujranwala,2027001
406,Baicheng,2032356
407,Gaziantep,2028563
408,Fushun,2024000
409,Riverside,2022285
410,Bamako,2009109
411,Quito,2011388
412,Minsk,2009786
413,Tijuana,2002000
414,Bamenda,2000000
415,Boosaaso,2000000
416,Indore,1994397
417,Sanliurfa,1985753
418,Vienna,1973403
419,Karaj,1973470
420,Kananga,1971704
421,Peshawar,1970042
422,Sapporo,1961690
423,Ecatepec,1929926
424,Pingxiang,1933200
425,Orlando,1927699
426,Aleppo,1916781
427,Sacramento,1924167
428,Almaty,1916822
429,San Juan,1915105
430,San Antonio,1910785
431,Yinchuan,1901793
432,Thane,1886941
433,Santos,1897551
434,Blantyre,1895973
435,Bucharest,1883425
436,Curitiba,1879355
437,Multan,1871843
438,Tainan,1874686
439,Xiping,1873000
440,Port Harcourt,1865000
441,Warsaw,1860281
442,Jixi,1862165
443,Saidu Sharif,1860310
444,Liaoyang,1858768
445,Beihai,1853227
446,Meru,1833000
447,Brazzaville,1827000
448,Fuxin,1819339
449,Wuwei,1815059
450,Mersin,1814468
451,Bhopal,1798218
452,Lubumbashi,1786397
453,Denpasar,1779122
454,Davao,1776949
455,Shuyangzha,1770000
456,Adana,1765981
457,Damascus,1754000
458,Brussels,1743000
459,Hyderabad City,1732693
460,Diyarbakir,1732396
461,San Jose,1729879
462,Chinchvad,1729320
463,Montevideo,1719453
464,Pittsburgh,1720279
465,Shuozhou,1714857
466,Cincinnati,1712287
467,Benxi,1709538
468,Baiyin,1708751
469,Mosul,1694000
470,Manhattan,1694263
471,Caloocan City,1661584
472,Kampala,1680600
473,Patna,1684222
474,Tegucigalpa,1682725
475,Cleveland,1683059
476,Sanzhou,1680000
477,Changshu,1677050
478,Mecca,1675368
479,Heihe,1673899
480,Jingdezhen,1673200
481,Conakry,1667864
482,Recife,1653461
483,Indianapolis,1659305
484,Austin,1659251
485,Sangereng,1644899
486,Kansas City,1644497
487,Zhongli,1632616
488,Novosibirsk,1625631
489,Bilaspur,1625502
490,Semarang,1621384
491,Ludhiana,1618879
492,Narayanganj,1572386
493,Stockholm,1611776
494,Chengtangcun,1603659
495,Agra,1585704
496,Balandougou,1596882
497,Agwar,1585705
498,Leon de los Aldama,1579803
499,Yopougon,1571065
500,Puebla,1576259
501,Madurai,1561129
502,Hebi,1569208
503,Cordoba,1565112
504,Shiraz,1565572
505,Jamshedpur,1558000
506,Tabriz,1558693
507,Huzhou,1558826
508,Columbus,1556848
509,Sofia,1547779
510,Kawasaki,1539522
511,San Jose,1543000
512,Aba,1530000
513,Palembang,1535952
514,Zhangjiajie,1537900
515,Kobe,1521707
516,Jiaxing,1518654
517,Charlotte,1516107
518,Guiping,1511011
519,Lianjiang,1509400
520,Ximeicun,1508000
521,Jianguang,1507402
522,Yucheng,1507258
523,Panama City,1500189
524,Xushan,1502000
525,Belem,1499641
526,Virginia Beach,1500764
527,Leizhou,1494700
528,Gwangju,1490092
529,Nasik,1486053
530,Porto Alegre,1484941
531,Valencia,1484430
532,Onitsha,1483000
533,Abu Dhabi,1483000
534,Daejeon,1475221
535,Zapopan,1476491
536,Bronx,1472654
537,Yekaterinburg,1468833
538,Huazhou,1468061
539,Kyoto,1464890
540,Jinhua,1463990
541,Amsterdam,1459402
542,Shuangyashan,1462626
543,Pizhou,1458038
544,El Kelaa des Srarhna,1450021
545,Dakar,1438725
546,Kharkiv,1446107
547,Yangshe,1432044
548,Guyuan,1426000
549,Rui'an,1424667
550,Khulna,1400689
551,Muscat,1421409
552,Wenling,1416199
553,Gaozhou,1414100
554,Faridabad,1404653
555,Chizhou,1402518
556,Tel Aviv-Yafo,1388400
557,Ulaanbaatar,1396288
558,Goiania,1393575
559,Fuqing,1390487
560,Kayseri,1389680
561,Wuzhong,1382713
562,Belgrade,1378682
563,Pingdu,1378900
564,Milan,1366180
565,Aurangabad,1371330
566,Copenhagen,1366301
567,Yangquan,1368502
568,Yutan,1368117
569,Huangshan,1358980
570,Auckland,1346091
571,Makassar,1338663
572,Santiago,1343423
573,Milwaukee,1340981
574,Rajkot,1335397
575,Prague,1335084
576,Samsun,1335716
577,Liangshi,1335900
578,Barranquilla,1326588
579,Saitama,1325843
580,Guarulhos,1324781
581,Al Basrah,1326564
582,Mandalay,1319452
583,Juarez,1321004
584,Xintai,1315942
585,Wusong,1311726
586,Meerut,1305429
587,Yushu,1304436
588,Rongcheng,1302891
589,Huazhou,1302100
590,Adelaide,1295714
591,Baishan,1296127
592,Dayan,1296000
593,Haicheng,1293877
594,Tripoli,1293016
595,Jiangyin,1285785
596,Yicheng,1285785
597,Huaiyin,1264000
598,Porto,1278210
599,Cacuaco,1279488
600,Soweto,1271628
601,Rosario,1276000
602,Canagatan,1273219
603,Helsinki,1268296
604,Jabalpur,1267564
605,Providence,1270149
606,Rucheng,1267066
607,Nizhniy Novgorod,1264075
608,Ahvaz,1261042
609,Jepara,1257912
610,Shaoyang,1253548
611,Comayaguela,1250000
612,Laiwu,1248636
613,Sharjah,1247749
614,Kalamboli,1246381
615,Jingling,1247400
616,Kazan,1243500
617,Suwon,1234300
618,Yongcheng,1240382
619,Sumedang,1240000
620,Calgary,1239220
621,Can Tho,1237300
622,Yiwu,1234015
623,Bagam,1230097
624,Beidao,1225000
625,Vasai,1222390
626,Xiangshui,1221000
627,Jacksonville,1220191
628,Akcaabat,1215351
629,Campinas,1213792
630,Dadukou,1214121
631,Mombasa,1208333
632,Lingcheng,1211637
633,Najafgarh,1203180
634,Vila Velha,1209091
635,Gazipura,1199215
636,Chelyabinsk,1202371
637,Varanasi,1198491
638,Xinyu,1202499
639,Qom,1201158
640,Hargeysa,1200000
641,Zhangye,1199515
642,Hiroshima,1198021
643,Maiduguri,1197497
644,Chiang Mai,1198000
645,Doha,1186023
646,Maputo,1191613
647,Mbandaka,1187837
648,Pikine,1170791
649,Medina,1180770
650,Srinagar,1180570
651,Omsk,1178391
652,Dublin,1173179
653,Liaoyuan,1176239
654,Cilacap,1174964
655,Yingtan,1175000
656,Bandar Lampung,1166761
657,Samara,1169719
658,Guankou,1168056
659,Ulsan,1166033
660,Dhanbad,1162472
661,Dingzhou,1165182
662,Lianyuan,1162928
663,Rongcheng,1162770
664,Kaiyuan,1160000
665,Nay Pyi Taw,1160242
666,Zhuji,1157938
667,Kigali,1156663
668,Bukavu,1133000
669,Leiyang,1151554
670,Bafoussam,1146000
671,Yichun,1148126
672,Benin City,1147188
673,Rostov,1137704
674,Xiantao,1140100
675,Amritsar,1132383
676,Callao,1129854
677,Salt Lake City,1135344
678,Aligarh,1131160
679,Shagamu,1132270
680,Yingchuan,1131896
681,Ciudad Nezahualcoyotl,1109363
682,Tbilisi,1118035
683,Guwahati,1116267
684,Ufa,1115560
685,Fes,1112072
686,Sao Luis,1108975
687,Bien Hoa,1104000
688,Sevilla,1100000
689,N'Djamena,1092066
690,Mexicali,1102342
691,Nezahualcoyotl,1077208
692,Ikare,1099931
693,Nashville,1098486
694,Tamale,1095808
695,Xibeijie,1095947
696,Yuyao,1095000
697,Haora,1077075
698,Hanchuan,1092700
699,Gongzhuling,1092692
700,Krasnoyarsk,1083865
701,Cologne,1083498
702,Bujumbura,1075000
703,Bishkek,1074075
704,Zhufeng,1081960
705,Sao Goncalo,1077687
706,Yerevan,1075800
707,Ezhou,1079353
708,Nur-Sultan,1078362
709,Tongjin,1076369
710,Nouakchott,1077169
711,Xiashi,1076199
712,Ranchi,1073440
713,Taixing,1073921
714,Vereeniging,1074000
715,Gwalior,1069276
716,Zhongwei,1067336
717,Goyang,1061929
718,Oslo,1064235
719,Vijayawada,1048240
720,Chandigarh,1055450
721,Edmonton,1062643
722,Sendai,1061177
723,Raleigh,1062018
724,Mizhou,1060000
725,Tunis,1056247
726,Xishan,1060000
727,Barquisimeto,1059092
728,Hegang,1058665
729,Voronezh,1050602
730,Perm,1048005
731,Changwon,1046054
732,Fangchenggang,1046068
733,Shouguang,1039205
734,Bogor,1030720
735,Cartagena,1036412
736,Matola,1032197
737,Jodhpur,1033918
738,Memphis,1034498
739,Ogbomoso,1032000
740,Rangapukur,1031388
741,Managua,1028808
742,Sanya,1031396
743,Shymkent,1028673
744,Wutong,1029754
745,Niamey,1026848
746,Shubra al Khaymah,1025569
747,Linhai,1028813
748,Denizli,1027782
749,Maceio,1025360
750,Monrovia,1021762
751,Wafangdian,1024876
752,Zhongxiang,1022514
753,Louisville,1022630
754,Odesa,1017699
755,Thu Duc,1013795
756,Volgograd,1015586
757,Islamabad,1014825
758,Port-au-Prince,987310
759,Xinyi,1013900
760,Raipur,1010087
761,Arequipa,1008290
762,Richmond,1008069
763,Zaoyang,1004741
764,Buffalo,1004655
765,Shuizhai,1003698
766,Xingyi,1004132
767,Kota,1001694
768,Quetta,1001205
769,Kathmandu,975453
770,Ottawa,989567
771,Lilongwe,989318
772,Asmara,963000
773,Freetown,951000
774,Vientiane,948487
775,Jerusalem,919438
776,Riga,920643
777,Bangui,889231
778,Dushanbe,863400
779,Lome,837437
780,Ashgabat,828100
781,Zagreb,809268
782,Libreville,797003
783,Cotonou,762000
784,Pretoria,741651
785,Vilnius,708203
786,Winnipeg,705244
787,Quebec City,705103
788,Chisinau,702300
789,Port Moresby,700000
790,Skopje,640000
791,Djibouti,603900
792,Gaza,590481
793,Kingston,580000
794,Rabat,572717
795,San Salvador,567698
796,The Hague,548320
797,Asuncion,524190
798,Juba,525953
799,Maseru,519186
800,Bissau,492004
801,Valletta,480134
802,Bratislava,475503
803,Kitchener,470015
804,Manama,436000
805,Tallinn,438341
806,Beirut,361366
807,Cape Town,433688
808,Tirana,418495
809,Sarajevo,419957
810,Wellington,418500
811,Banjul,413397
812,Halifax,403131
813,Canberra,381488
814,Yamoussoukro,355573
815,Victoria,335696
816,Nicosia,330000
817,Windhoek,322500
818,Saint-Denis,315080
819,Porto-Novo,300000
820,Sucre,300000
821,Ljubljana,286745
822,Nassau,274400
823,Bloemfontein,256185
824,Fort-de-France,253995
825,New Delhi,249998
826,Gaborone,231626
827,Paramaribo,223757
828,Dili,222323
829,Dodoma,213636
830,Georgetown,200500
831,Gibraltar,187083
832,Malabo,187302
833,Suva,185913
834,Noumea,182341
835,Pristina,161751
836,Male,133019
837,Port Louis,149194
838,Podgorica,150977
839,Willemstad,150000
840,Bern,133883
841,Gitega,135467
842,Reykjavik,135688
843,Luxembourg,132780
844,Papeete,131695
845,Praia,127832
846,Sri Jayewardenepura Kotte,115826
847,Bridgetown,110000
848,Moroni,111329
849,Thimphu,104000
850,Mbabane,94874
851,Honiara,84520
852,Port of Spain,81142
853,Castries,70000
854,Putrajaya,67964
855,Cayenne,61550
856,Sao Tome,56166
857,Port-Vila,51437
858,Bandar Seri Begawan,50000
859,Monaco,36371
860,Apia,37708
861,Tarawa,28802
862,Oranjestad,34980
863,Saint Helier,33522
864,Mamoudzou,32057
865,Majuro,30000
866,Douglas,27938
867,George Town,27704
868,Victoria,26450
869,Kingstown,25000
870,Andorra la Vella,22615
871,Saint John's,22219
872,Nuku`alofa,23221
873,Nuuk,18326
874,Belmopan,17222
875,Roseau,16582
876,Basseterre,13220
877,Torshavn,13326
878,Road Town,12603
879,Pago Pago,12576
880,Grand Turk,5801
881,Marigot,5700
882,Palikir,6227
883,Funafuti,6025
884,Vaduz,5668
885,Lobamba,5800
886,Avarua,5445
887,Saint George's,4315
888,San Marino,4040
889,Tifariti,3000
890,Philipsburg,1894
891,Capitol Hill,2500
892,Stanley,2213
893,Hamilton,854
894,Vatican City,825
895,Alofi,1611
896,Basse-Terre,307
897,Hagta,1051
898,Jamestown,714
899,Brades,391
900,Yaren,
901,Gustavia,
902,Ngerulmud,271
903,Saint-Pierre,
904,The Valley,
905,Mata-Utu,
906,Kingston,
907,Longyearbyen,
908,Adamstown,
909,Flying Fish Cove,
910,King Edward Point,
911,Bareilly,1000000
912,Quang Ha,1000000
913,Domaa-Ahenkro,1000000
914,Oklahoma City,994284
915,Xingcheng,993000
916,Dongtai,990306
917,Yingcheng,986400
918,Chiba,981738
919,Al Mijlad,985000
920,Pekanbaru,983356
921,Luocheng,984100
922,Dnipro,980948
923,Danyang,980662
924,Gode,980782
925,Natal,980588
926,Nada,977700
927,Zamboanga City,977234
928,Kirkuk,975000
929,Bridgeport,975078
930,Naples,966144
931,Wuchuan,972400
932,Huilong,972525
933,Morelia,962555
934,Malaga,967250
935,Cebu City,964169
936,Al Mansurah,960423
937,Coimbatore,959823
938,Santo Domingo Este,948855
939,Setagaya,940509
940,Songnam,948757
941,Taishan,953900
942,Teresina,953172
943,Solapur,951558
944,Tangier,947952
945,Kermanshah,952285
946,Krasnodar,948827
947,Baidoa,950000
948,Gaalkacyo,950000
949,Anqiu,947723
950,Feicheng,946627
951,Seberang Jaya,946092
952,El Alto,943000
953,Kitakyushu,935084
954,Meishan,936000
955,Khartoum North,936349
956,Kisangani,935977
957,Aguascalientes,934424
958,Marrakech,928850
959,Donetsk,929063
960,Trujillo,919899
961,New Orleans,925443
962,Taihe,924531
963,Trichinopoly,916857
964,Xin'an,920628
965,Taihecun,920471
966,Kashgar,920000
967,Naucalpan de Juarez,913681
968,Cankaya,914501
969,Santiago de Cuba,917340
970,Owerri,908109
971,Padang,914970
972,Qingzhou,914047
973,Lichuan,913700
974,Santiago del Estero,911506
975,Daye,909724
976,Hengzhou,908400
977,Fort Worth,908469
978,Hartford,907046
979,Esenyurt,891120
980,Campo Grande,906092
981,Zhuanghe,905852
982,Bobo-Dioulasso,903887
983,Ad Dammam,903312
984,Quzhou,902767
985,Lhasa,902500
986,Jiaozhou,900500
987,Bunia,900666
988,Taguig City,886722
989,Cancun,888797
990,Merida,892363
991,Yangchun,891800
992,Dengtalu,887000
993,Moradabad,887871
994,Antipolo,887399
995,Abeokuta,888924
996,Bucheon,867678
997,Zhoushan,882932
998,Tiruppur,877778
999,Natal,877662
1000,Chihuahua,878062
1001,Klang,878000
1002,As Sulaymaniyah,878146
1003,Gurgaon,876824
1004,Turin,870952
1005,Tucson,875284
1006,Hai'an,874334
1007,Ar Ramadi,874543
1008,Laiyang,874127
1009,Sale,850403
1010,Jalandhar,873725
1011,Marseille,870731
1012,Bucaramanga,870752
1013,Kaifeng Chengguanzhen,872000
1014,Ikeja,861300
1015,Eskisehir,871187
1016,Saltillo,864431
1017,Gaomi,868715
1018,Liverpool,864122
1019,Ipoh,866772
1020,Oran,852000
1021,Portsmouth,855679
1022,Southampton,855569
1023,Hermosillo,855563
1024,Cochabamba,856198
1025,Weichanglu,859424
1026,Shache,851374
1027,Wuxi,853197
1028,Leping,852800
1029,Hailun,850000
1030,Macheng,849090
1031,Akure,847903
1032,Ilorin,847582
1033,Yuci,840000
1034,Saratov,845300
1035,Erbil,846000
1036,Iguacu,844583
1037,Pasig City,803159
1038,Dehui,839786
1039,Kalkaji Devi,824177
1040,Bhubaneshwar,837737
1041,Honolulu,835291
1042,Tongchuan,834437
1043,Cheongju,833276
1044,Chengxiang,831113
1045,Thessaloniki,824676
1046,Warri,830106
1047,Sakai,824408
1048,Pointe-Noire,829134
1049,Rongjiawan,826000
1050,Mediouna,822851
1051,Butterworth,821652
1052,Renqiu,822455
1053,Xindi,819446
1054,Bhayandar,809378
1055,Wu'an,819000
1056,Sao Bernardo do Campo,816925
1057,Mandvi,814655
1058,Barinas,816264
1059,Zijinglu,807857
1060,Gaoyou,811800
1061,Culiacan,808416
1062,Hejian,810306
1063,Yiyang,810447
1064,Puxi,809535
1065,Androtsy,809313
1066,McAllen,809002
1067,Qingping,797200
1068,Omaha,806485
1069,Joao Pessoa,801718
1070,Dongyang,804398
1071,Queretaro,801940
1072,Krakow,800653
1073,George Town,794313
1074,Abaete,800000
1075,Palermo,800000
1076,Valencia,792492
1077,Xigaze,798153
1078,El Paso,794344
1079,Seyhan,792536
1080,Niigata,790646
1081,Hempstead,791018
1082,Leeds,789194
1083,Hamamatsu,788211
1084,Bagcilar,734369
1085,Xiangxiang,787216
1086,Bilbao,775000
1087,Chaohucun,782000
1088,Fuyang,771000
1089,Homs,775404
1090,Kucukcekmece,770317
1091,Lubango,776249
1092,Zouping,774517
1093,Khujand,770000
1094,San Luis Potosi,772828
1095,Nottingham,768638
1096,Cencheng,772113
1097,Dali,771128
1098,Hamhung,768551
1099,Korla,770000
1100,Rajshahi,763580
1101,Erzurum,767848
1102,Frankfurt,764104
1103,Al `Ayn,766936
1104,Songzi,765911
1105,Albuquerque,765693
1106,Patiala,763280
1107,Laixi,762900
1108,Bahawalpur,762111
1109,Zhongba,762140
1110,Kaduna,760084
1111,Qingnian,760781
1112,San Pedro Sula,760182
1113,Qamdo,760966
1114,Xinhualu,758079
1115,Nerima,742463
1116,Guangshui,755910
1117,Pietermaritzburg,750845
1118,Baardheere,755500
1119,Tlajomulco de Zuniga,727750
1120,Samarinda,753370
1121,Changhua,750000
1122,Sizhan,751389
1123,Ciudad Guayana,751331
1124,Cucuta,750000
1125,Dhulia,750000
1126,Burco,750211
1127,Licheng,749522
1128,Ota-ku,737187
1129,Thiruvananthapuram,743691
1130,Tyumen,744554
1131,Nampula,743000
1132,Zaporizhzhia,741717
1133,Kyaukse,741071
1134,Chengguan,740435
1135,Kumamoto,738385
1136,Nehe,740000
1137,Osogbo,731000
1138,Cabinda,739182
1139,Kerman,738374
1140,Zunhua,737011
1141,Rochester,737309
1142,Valenzuela,714978
1143,Orumiyeh,736224
1144,Wugang,734870
1145,Shuangqiao,733000
1146,Tshikapa,732000
1147,Sao Jose dos Campos,729737
1148,Comodoro Rivadavia,730266
1149,Cagayan de Oro,728402
1150,Tondo,654220
1151,Langzhong,728935
1152,Qian'an,728160
1153,Lviv,724314
1154,Sarasota,727388
1155,Reynosa,725793
1156,Santo Andre,721368
1157,An Najaf,724700
1158,Sagamihara,722973
1159,Guli,723490
1160,Mississauga,721599
1161,Concepcion,719944
1162,Okayama,720043
1163,Anlu,720000
1164,Mwanza,706453
1165,Fresno,719558
1166,Changsha,717700
1167,Torreon,716672
1168,Shihezi,717000
1169,Enugu,715774
1170,Jaboatao,702621
1171,Tulsa,715983
1172,Yanggok,713321
1173,Yatou,714211
1174,Edogawa,697932
1175,Allentown,714136
1176,Ribeirao Preto,711825
1177,Xichang,712434
1178,Latakia,700000
1179,Bhiwandi,709665
1180,City of Paranaque,689992
1181,Dasmarinas,703141
1182,Dayton,709300
1183,Saharanpur,705478
1184,Warangal,704570
1185,Soledad,698852
1186,Osasco,694844
1187,Dashiqiao,704891
1188,Birmingham,704676
1189,Nampo,703317
1190,Shiliguri,701489
1191,Banjarmasin,692793
1192,Sha Tin,640000
1193,Salem,693236
1194,General Santos,697315
1195,Cocody,692583
1196,Hamah,696863
1197,Pendik,693599
1198,Bacoor,664625
1199,Vellore,696110
1200,Shishi,693000
1201,Guadalupe,691931
1202,Adachi,682326
1203,Qianxi,695947
1204,Tolyatti,693072
1205,Macau,568700
1206,Bauchi,693700
1207,Hamilton,693645
1208,Lodz,690422
1209,Miluo Chengguanzhen,692080
1210,Gaizhou,691595
1211,Karbala',690100
1212,Leling,689867
1213,Jianshe,687130
1214,Shizuoka,685589
1215,Charleston,685517
1216,Jingcheng,684360
1217,Kochi,677381
1218,Mar del Plata,682605
1219,Cape Coral,682773
1220,Tasikmalaya,678027
1221,Rasht,679995
1222,Xinmin,680000
1223,Shanhu,679762
1224,Zhongshu,679624
1225,Gorakhpur,673446
1226,Zaragoza,675301
1227,Wroclaw,672929
1228,Acapulco de Juarez,673478
1229,Bahar,673405
1230,Kumul,673383
1231,Murcia,672773
1232,Pinghu,671834
1233,Palermo,668405
1234,Guankou,671200
1235,Tlaquepaque,664193
1236,Songyang,668592
1237,Ch'ongjin,667929
1238,Puyang Chengguanzhen,666322
1239,Qionghu,667104
1240,Zhaodong,666532
1241,Narela,661994
1242,Huambo,665564
1243,Wenchang,664455
1244,Villavicencio,664148
1245,Shulan,663403
1246,Tlalnepantla,653410
1247,Catia La Mar,661897
1248,Sargodha,659862
1249,Al Hufuf,660788
1250,Durango,654876
1251,Jalingo,660213
1252,Bouake,659233
1253,Mazatlan,658354
1254,San Jose del Monte,651813
1255,Ansan,652800
1256,Abomey-Calavi,655965
1257,Lingbao Chengguanzhen,656571
1258,Hwasu-dong,655350
1259,Sialkot City,655852
1260,Hue,652572
1261,Bulawayo,653337
1262,Xiping,652604
1263,Sanhe,652042
1264,Ch'onan,651661
1265,Contagem,648766
1266,Jieshou,650870
1267,Selcuklu,648850
1268,Erer Sata,649000
1269,Honcho,641499
1270,Dusseldorf,645923
1271,Izhevsk,646277
1272,Guntur,647508
1273,Guixi,647240
1274,Sorocaba,644919
1275,Yildirim,643681
1276,Petaling Jaya,638516
1277,Tengyue,644765
1278,Wuxue,644247
1279,Rasulpur,637272
1280,Bhavnagar,643365
1281,Brahmapur,634220
1282,Qufu,640498
1283,Gaobeidian,640280
1284,Ruiming,640600
1285,Columbia,640502
1286,Concord,640270
1287,Noida,637272
1288,Gold Coast,638090
1289,Xinshi,636776
1290,Ta`izz,615467
1291,Aracaju,632744
1292,Jeonju,631532
1293,Bhangar,632107
1294,Jin'e,633210
1295,Barnaul,633301
1296,Makati City,629616
1297,Rotterdam,631155
1298,Changping,614821
1299,Benghazi,631555
1300,Kryvyi Rih,629695
1301,Halwan,619293
1302,Colorado Springs,628808
1303,Suohe,626700
1304,Chimalhuacan,614453
1305,Xinxing,627475
1306,Bhilai,625700
1307,Mangalore,623841
1308,Port-Bouet,618795
1309,Zhuangyuan,626683
1310,Glasgow,626410
1311,Namangan,626120
1312,Ulyanovsk,624518
1313,Tan An,618984
1314,Irkutsk,623736
1315,Bhilai,624700
1316,Nagercoil,622759
1317,Jos,622802
1318,Pontianak,618388
1319,Bazhou,622975
1320,Turpan,622903
1321,Villa Nueva,618397
1322,Las Pinas City,606293
1323,Springfield,620494
1324,Knoxville,619925
1325,Meihekou,618251
1326,Jurong,617706
1327,Feira de Santana,617528
1328,Khabarovsk,616242
1329,Zhugang,616346
1330,Leipzig,615081
1331,Xinji,615919
1332,Serang,613356
1333,Jambi,612162
1334,Kandahar,614254
1335,San Miguel de Tucuman,605767
1336,Gothenburg,607882
1337,Yaroslavl,608079
1338,Baton Rouge,610751
1339,Zhangshu,610424
1340,Vladivostok,606589
1341,Ogden,608259
1342,Kuantan,607778
1343,Raurkela,600000
1344,Cuttack,606007
1345,Ar Rayyan,605712
1346,Haifa,600000
1347,Malanje,604215
1348,Bacolod,600783
1349,Zhuozhou,603535
1350,Grand Rapids,604311
1351,Uberlandia,604013
1352,Albany,604077
1353,Tianchang,602840
1354,Kawaguchi,593353
1355,Itabashi,581337
1356,Suginami-ku,583609
1357,Cimahi,586580
1358,Tuxtla,598710
1359,Garoua,600000
1360,Hafr al Batin,600000
1361,Tumkur,599078
1362,Balikpapan,598043
1363,Durban,595061
1364,Kagoshima,593754
1365,Al Hillah,594605
1366,Makhachkala,592976
1367,Sihui,593400
1368,Irapuato,592953
1369,Brampton,593638
1370,Luocheng,591115
1371,Mbale,586300
1372,Pereira,590554
1373,Bakersfield,590845
1374,Uvira,590000
1375,Dortmund,587696
1376,Chuxiong,588620
1377,Mission Viejo,588540
1378,Zahedan,587730
1379,New Haven,587648
1380,Shah Alam,584340
1381,Wenlan,585976
1382,Cuiaba,585367
1383,Shangzhi,585386
1384,Essen,582415
1385,Botou,584308
1386,Mymensingh,576722
1387,Anyang,573296
1388,Genoa,580097
1389,Durgapur,581409
1390,Port Sudan,579942
1391,Al Mafraq,580000
1392,Puente Alto,573935
1393,Dehra Dun,578420
1394,At Ta'if,579970
1395,Wancheng,578600
1396,Hachioji,575721
1397,Xiulin,577022
1398,Fu'an,577000
1399,Tomsk,572740
1400,Tonala,569913
1401,Juiz de Fora,573285
1402,Worcester,573573
1403,Kolwezi,572942
1404,Chapra,567123
1405,Bristol,567111
1406,Luofeng,570898
1407,Lingyuan,570660
1408,Irbid,569068
1409,Al Mahallah al Kubra,535278
1410,Wencheng,568900
1411,Bremen,566573
1412,Ciudad Bolivar,567953
1413,Orenburg,564773
1414,Shenzhou,566087
1415,Asansol,563917
1416,Kuiju,564501
1417,Zhenzhou,564021
1418,Surakarta,552118
1419,Dresden,561922
1420,Kolhapur,561489
1421,Benguela,561775
1422,Ensenada,557430
1423,Kemerovo,558973
1424,Lanxi,560514
1425,Dangyang,560000
1426,Faridpur,557632
1427,Herat,556205
1428,Luanzhou,554315
1429,Hamadan,554406
1430,Novokuznetsk,552105
1431,Nellore,547621
1432,Palma,550000
1433,Chiclayo,552508
1434,Nanded,550439
1435,Ajmer,551101
1436,Al Hudaydah,548433
1437,Kimhae,550758
1438,Provo,551645
1439,Rustenburg,549575
1440,Amravati,549370
1441,Poznan,546859
1442,Huanghua,548507
1443,Muntinlupa City,543445
1444,Londrina,548249
1445,Nansana,532800
1446,Tabuk,547957
1447,Heroica Matamoros,541979
1448,Akron,546549
1449,Samarkand,546303
1450,Xingcheng,546176
1451,Kaiyuan,545624
1452,Hannover,542668
1453,Valledupar,544134
1454,Fengcheng,543933
1455,Ixtapaluca,542211
1456,Ghulja,542507
1457,City of Calamba,539671
1458,Ananindeua,540410
1459,Xiangyang,541554
1460,Fuding,542000
1461,An Nasiriyah,541600
1462,Al Hillah,541034
1463,Ibague,541101
1464,Ryazan,537622
1465,Kassala,536009
1466,Tripoli,530000
1467,Chang'an,537500
1468,Koto-ku,523117
1469,Naberezhnyye Chelny,533839
1470,Aksu,535657
1471,Salta,535303
1472,Astrakhan,532504
1473,Gulbarga,533587
1474,Cadaado,534023
1475,Lyon,522969
1476,Wuhai,532902
1477,Mingguang,532732
1478,Antwerp,529247
1479,Yazd,529673
1480,Touba,529176
1481,Ardabil,529374
1482,Bikaner,529007
1483,Agartala,522613
1484,Ndola,528330
1485,Himeji,527596
1486,Palm Bay,528322
1487,Tultitlan de Mariano Escobedo,520557
1488,Ailan Mubage,526745
1489,Bandar `Abbas,526648
1490,Bac Ninh,520000
1491,Ciudad Apodaca,523370
1492,Santa Teresa del Tuy,525321
1493,Maipu,521627
1494,Penza,523726
1495,Soacha,522442
1496,Al Qatif,524182
1497,Port Said,524433
1498,Loni,516082
1499,Yucheng,522878
1500,Sevastopol,522057
1501,Meknes,520428
1502,Mixco,517505
1503,Arak,520944
1504,Pohang,520305
1505,Longzhou,520000
1506,Anda,520000
1507,Jinghong,519935
1508,Sheffield,518090
1509,Utsunomiya,518197
1510,Suez,516959
1511,Nuremberg,515543
1512,Surrey,517887
1513,Heshan,516500
1514,Ujjain,515215
1515,Jiaji,515700
1516,Santa Marta,515556
1517,Joinvile,515288
1518,Beining,514898
1519,Des Moines,514654
1520,Hai Duong,507469
1521,Carrefour,511345
1522,Maturin,514046
1523,Homyel',510300
1524,Leicester,508916
1525,Yanji,513072
1526,Macapa,512902
1527,Yicheng,512530
1528,Ulhasnagar,506098
1529,Al `Ashir min Ramadan,511987
1530,Lipetsk,510439
1531,Al `Amarah,511500
1532,Bhilwara,509483
1533,Encheng,509700
1534,Murrieta,509526
1535,Aden,507355
1536,Kitwe,504194
1537,Matsuyama,506743
1538,Jhansi,507000
1539,Pingtung,503530
1540,Lapu-Lapu City,497604
1541,Matsudo,497514
1542,Monteria,505334
1543,Ichikawa,496657
1544,Nagqu,504838
1545,Imus,496794
1546,Hsinchu,499348
1547,Kimberley,500757
1548,Jammu,502197
1549,Belas,500000
1550,Talatona,500000
1551,Ile-Ife,501952
1552,Purnea,496830
1553,Kirov,501468
1554,Mykolaiv,498748
1555,Meicheng,500292
1556,Tinnevelly,497826
1557,Niteroi,496696
1558,Farah,500000
1559,Sukkur,499900
1560,Oujda-Angad,494252
1561,Taozhou,499132
1562,Marka,499000
1563,Higashi-osaka,490819
1564,Johor Bahru,497097
1565,Hongjiang,498100
1566,Bello,495483
1567,Chimbote,497875
1568,Duisburg,495885
1569,Qaraghandy,497777
1570,Mesa,497752
1571,Toulouse,493465
1572,Likasi,495000
1573,Dengtacun,496122
1574,Lembok,495651
1575,Zhijiang,495995
1576,Chengjiao,495744
1577,Beipiao,496164
1578,Suoluntun,495900
1579,Staten Island,495747
1580,Kota Bharu,491237
1581,Ciudad Lopez Mateos,489937
1582,Celaya,494304
1583,Vinh,490000
1584,Duyun,493574
1585,Los Mochis,490000
1586,`Ajman,490035
1587,Nyala,492984
1588,Larkana,490508
1589,Wichita,491916
1590,Nishinomiya-hama,487010
1591,Cheboksary,489498
1592,Yuanping,491213
1593,Toledo,490832
1594,Yueqing,488980
1595,Edinburgh,488050
1596,Belgaum,488157
1597,Tula,485221
1598,Gdansk,486022
1599,Shahe,486329
1600,Serra,485376
1601,Brookhaven,485984
1602,Gaoping,484862
1603,Dunhua,483811
1604,Az Zarqa',481300
1605,Sylhet,479837
1606,Kaihua,481505
1607,Caerdydd,479000
1608,Jamnagar,479920
1609,Fuyuan,480000
1610,Gaya,474093
1611,Florianopolis,477798
1612,Chiniot,477781
1613,Jiannan,477868
1614,Oita,477186
1615,Berbera,478000
1616,Kaliningrad,475056
1617,Mbeya,467000
1618,Nangong,476096
1619,Ambattur,466205
1620,Katlehong,467890
1621,Kurashiki,474862
1622,Barura,473590
1623,San Juan,471389
1624,Vila Velha,472762
1625,Mazar-e Sharif,469247
1626,Shekhupura,473129
1627,Worthing,474485
1628,Piura,473025
1629,Mandaluyong City,425758
1630,Kartal,461155
1631,Jiaojiangcun,471500
1632,Harrisburg,472261
1633,Laohekou,471482
1634,Kagithane,437026
1635,Agege,459939
1636,Angeles City,462928
1637,Sao Jose do Rio Preto,469173
1638,Pasay City,440656
1639,Beian,470000
1640,Fujin,470000
1641,Salt Lake City,403316
1642,Balashikha,468221
1643,Xiaoyi,468770
1644,Port St. Lucie,468979
1645,Lanus,459263
1646,Qingzhen,467992
1647,Jiangshan,467862
1648,Ba`qubah,467900
1649,Katsushika-ku,453410
1650,Buraydah,467410
1651,Longjiang,464695
1652,Tan Uyen,466053
1653,Long Beach,466565
1654,Marikina City,456059
1655,Manado,461636
1656,Campos,463731
1657,Kanazawa,462479
1658,Iloilo,457626
1659,Reno,463328
1660,Calabar,461796
1661,Kuqa,462588
1662,Piraeus,448997
1663,Madison,461778
1664,Jalgaon,460468
1665,Cranbourne,460491
1666,Kowloon City,418732
1667,Maua,453286
1668,Fukuyama,459576
1669,Xicheng,459781
1670,Kikwit,458000
1671,Amagasaki,450506
1672,Pyeongtaek,457873
1673,Kurnool,457633
1674,Little Rock,457379
1675,Melaka,455300
1676,General Trias,450583
1677,Jian'ou,456000
1678,Esenler,444561
1679,Huadian,455339
1680,Tanta,429503
1681,Kota Kinabalu,452058
1682,Kursk,450977
1683,Minzhu,453265
1684,Stavropol,450680
1685,Udaipur,451100
1686,Mogi das Cruzes,450785
1687,Mariupol,449498
1688,Eslamshahr,448129
1689,San Nicolas de los Garza,443273
1690,Greenville,450487
1691,Sham Shui Po,405869
1692,Barcelona,448016
1693,Constantine,448374
1694,Tanbei,447701
1695,Ado-Ekiti,446749
1696,Batman,447106
1697,Bandung,432557
1698,Baisha,446000
1699,Avcilar,435625
1700,Denton,445814
1701,Rodriguez,443954
1702,Taoyuan District,443273
1703,Yongji,444724
1704,Chauddagram,443648
1705,Danjiangkou,443755
1706,Kahramanmaras,443575
1707,Fujisawa,436744
1708,Andijon,441700
1709,Mathura,441894
1710,Zurich,436332
1711,Diadema,426757
1712,Machida,434414
1713,Ulan-Ude,439128
1714,Spokane,440270
1715,Ning'an,440000
1716,Zhangjiakou Shi Xuanhua Qu,409745
1717,Sunch'on,437000
1718,Jinchang,438026
1719,Kashiwa,433941
1720,Guangming,437559
1721,Sangli,436639
1722,Oakland,437548
1723,Beira,436240
1724,Kupang,433970
1725,Jeju,435413
1726,Davangere,435125
1727,Caxias do Sul,435564
1728,Manizales,434403
1729,Yogyakarta,422732
1730,Calicut,431560
1731,Koumassi,412282
1732,Veracruz,428323
1733,Zanjan,433475
1734,Welkom,431944
1735,Shinagawa-ku,415729
1736,Kenitra,431282
1737,Agadir,421844
1738,Somolu,403569
1739,Uyo,429900
1740,Sokoto,427760
1741,Lancaster,430621
1742,Masan,429612
1743,Huili Chengguanzhen,430066
1744,Sidi Bouzid,429912
1745,Cusco,428450
1746,Porto Velho,428527
1747,Sihung,425184
1748,Xalapa,424755
1749,Florencio Varela,426005
1750,Tver,424969
1751,Trabzon,426882
1752,Malatya,426381
1753,Xunyang,426677
1754,Uijeongbu,421579
1755,Akola,425817
1756,Aomori,425962
1757,Yan'an Beilu,426253
1758,Owo,425700
1759,Aves,425411
1760,Buenaventura,423927
1761,Poughkeepsie,423386
1762,Laval,422993
1763,Boise,422665
1764,Toyota,422106
1765,Santa Rosa,414812
1766,Daloa,421871
1767,Elazig,421726
1768,Hpa-An,421525
1769,Rahimyar Khan,420419
1770,Bettiah,414453
1771,Ugep,420000
1772,Winston-Salem,420400
1773,Kushtia,418312
1774,Mishan,420000
1775,Hailin,420000
1776,Seremban,419536
1777,Boa Vista,419652
1778,Lecheng,419500
1779,Zhengjiatun,419529
1780,Luhansk,417990
1781,Pencheng,419047
1782,Magnitogorsk,418241
1783,Thu Dau Mot,417000
1784,Takamatsu,417814
1785,Syracuse,418875
1786,El Obeid,418280
1787,Da'an,418232
1788,Xingren,417919
1789,Binan,407437
1790,Arusha,416442
1791,Fenyang,416212
1792,Ajdabiya,416000
1793,Paju,415345
1794,Mataram,408900
1795,Carapicuiba,403183
1796,Jhang City,414131
1797,Tepic,413609
1798,Jayapura,413283
1799,Rio Branco,413418
1800,Toyama,413028
1801,Fangting,412758
1802,Sanandaj,412767
1803,Delhi Cantonment,405633
1804,Linghai,412513
1805,Shorapur,412291
1806,Toyonaka,401233
1807,Sochi,411524
1808,Bhagalpur,410210
1809,Bellary,410445
1810,Ivanovo,406933
1811,Kisumu,409928
1812,Augusta,409668
1813,Turkmenabat,408906
1814,Zaria,408198
1815,Bryansk,406553
1816,Kumi,407880
1817,Asyut,389307
1818,Wanyuan,407594
1819,Maracay,407109
1820,Padiala,406192
1821,Yuregir,407054
1822,Jiexiu,406517
1823,Stockton,406822
1824,Bogra,400983
1825,Santa Fe,405683
1826,Campina Grande,405072
1827,Nagasaki,404656
1828,Szczecin,403833
1829,Maringa,403063
1830,Palm Coast,403834
1831,Chattanooga,403233
1832,Qazvin,402748
1833,Quilon,397419
1834,Jundiai,401896
1835,Hirakata,396694
1836,Gifu,400118
1837,Khayelitsha,391749
1838,Kukatpalli,385821
1839,Jiangjiafan,400000
1840,Maungdaw,400000
1841,Kissimmee,399929
1842,Durham,399762
1843,Dera Ghazi Khan,399064
1844,Miyazaki,397476
1845,Bhatpara,386019
1846,Hazaribagh,394532
1847,Sandakan,396290
1848,Taytay,386451
1849,Hejin,395527
1850,Olinda,393115
1851,Thanh Hoa,393294
1852,Surgut,395900
1853,Nnewi,391227
1854,Minamisuita,384953
1855,Thies,394544
1856,Betsiboka,394561
1857,Belgorod,391702
1858,Tangail,392300
1859,Yokosuka,390275
1860,Nha Trang,392279
1861,Malabon,380522
1862,Al Jahra',393432
1863,Yola,392854
1864,Pasto,392930
1865,Lobito,393079
1866,Al Jubayl,392948
1867,Saurimo,393000
1868,Bologna,392564
1869,Arlington,392304
1870,Gujrat,390533
1871,Ad Diwaniyah,391600
1872,Piracicaba,391449
1873,Hancheng,391164
1874,Karamay,391008
1875,Kakinada,384182
1876,San-Pedro,390654
1877,Tieli,390000
1878,Cilegon,387543
1879,Darbhanga,380125
1880,Victorville,389060
1881,Gwoza,388600
1882,Saki,388225
1883,Tetouan,380787
1884,Aqtobe,387807
1885,Biba,385528
1886,Plovdiv,383540
1887,Oyo,386723
1888,Ilesa,384334
1889,Tarlac City,385398
1890,Okazaki,385376
1891,Sirur,385414
1892,Cainta,376933
1893,Ha'il,385257
1894,Garoowe,385000
1895,Olomouc,384000
1896,Yidu,384598
1897,Lianzhou,384700
1898,Ceel Baraf,384630
1899,Florence,380948
1900,Christchurch,383200
1901,Nuevo Laredo,384033
1902,Brno,382405
1903,Bawshar,383257
1904,London,383822
1905,Novi Sad,380000
1906,Aurora,383496
1907,Gusau,383162
1908,Modesto,382994
1909,Kaunas,381007
1910,Sardarshahr,382474
1911,Zetang,382610
1912,Las Palmas,378797
1913,Ichinomiya,378681
1914,Taunggyi,381639
1915,Lancaster,381732
1916,Fayetteville,381636
1917,Cantonment,374872
1918,Panihati,377347
1919,Huancayo,378203
1920,Betim,378089
1921,Usulutan,378606
1922,Sintra,377835
1923,Chitungwiza,371244
1924,Hatay,377793
1925,Iquitos,377609
1926,Sivas,377561
1927,Helixi,376857
1928,Scranton,376974
1929,Mamou,376269
1930,Al Kharj,376325
1931,Manukau City,375600
1932,Stoke-on-Trent,372775
1933,Cumana,374706
1934,Rohtak,374292
1935,Vinnytsia,371855
1936,Maler Kotla,374000
1937,Lipa City,372931
1938,Mandaue City,364116
1939,Bhawana,373841
1940,Khorramabad,373416
1941,Ambon,372249
1942,Takasaki,372639
1943,Butuan,372910
1944,Toyohashi,371507
1945,Keelung,370155
1946,Baguio City,366358
1947,La Florida,366916
1948,Gebze,371000
1949,Lengshuijiang,370300
1950,Petare,369000
1951,Anguo,370317
1952,Kita-ku,353058
1953,Madan,370180
1954,Panshi,370238
1955,Bharatpur,369377
1956,Az Zubayr,370000
1957,Caucaia,368918
1958,Vitsyebsk,366299
1959,Shinjuku,349385
1960,Nicolas Romero,366602
1961,Huichang,367113
1962,Nagano,367184
1963,Bauru,366992
1964,Yanjiao,363809
1965,Bochum,364454
1966,Tecamac,364579
1967,Anapolis,366491
1968,Coventry,362690
1969,Oxnard,366330
1970,Korba,365253
1971,Cibinong,363424
1972,Dasarhalli,349720
1973,Qardho,365000
1974,Wonsan,363127
1975,Kocaeli,363416
1976,Newcastle,363236
1977,Iligan,363115
1978,Youngstown,363541
1979,Cabuyao,355330
1980,Kayapinar,362407
1981,Nakano,341014
1982,Utrecht,359370
1983,Bengkulu,360495
1984,Orizaba,355333
1985,Blumenau,361855
1986,Montes Claros,361915
1987,Indio,361831
1988,Petion-Ville,359615
1989,Tungi,350000
1990,Buurhakaba,360795
1991,Shuanghe,360000
1992,Konak,356563
1993,Ash Shuhada',358486
1994,Pensacola,360711
1995,Umuahia,359230
1996,Gedaref,354927
1997,Palu,359350
1998,Mardan,358604
1999,Pokhara,353841
